지역,권장계급,권장전력,강화,첫보상G,재보상G,결과,초
1,대위,320,0,25000,1250,victory,99.95
2,대위,368,0,25000,1250,victory,99.95
3,대위,422,0,25000,1250,victory,99.95
4,대위,485,1,35000,1750,victory,99.95
5,대위,557,1,35000,1750,victory,99.95
6,소령,640,2,245000,12250,victory,100
7,소령,718,2,245000,12250,victory,99.95
8,소령,806,2,245000,12250,victory,99.9
9,소령,905,3,343000,17150,victory,100
10,소령,1016,3,343000,17150,victory,100
11,소령,1140,3,343000,17150,victory,99.95
12,중령,1280,4,1441000,72050,victory,99.95
13,중령,1522,4,1441000,72050,victory,100
14,중령,1810,4,1441000,72050,victory,100.25
15,중령,2153,4,1441000,72050,victory,99.95
16,중령,2560,5,2017000,100850,victory,100.05
17,중령,3044,5,2017000,100850,victory,99.95
18,중령,3620,5,2017000,100850,victory,99.8
19,중령,4305,5,2017000,100850,victory,99.8
20,대령,5120,6,16942000,847100,victory,100.1
21,대령,5747,6,8471000,423550,victory,100.1
22,대령,6451,6,8471000,423550,victory,100.1
23,대령,7241,6,8471000,423550,victory,100
24,대령,8127,6,8471000,423550,victory,100.1
25,대령,9123,6,8471000,423550,victory,100
26,준장,10240,7,39531000,1976550,victory,100
27,준장,11494,7,39531000,1976550,victory,100
28,준장,12902,7,39531000,1976550,victory,100
29,준장,14482,7,39531000,1976550,victory,100
30,준장,16255,7,39531000,1976550,victory,100
31,준장,18246,7,39531000,1976550,victory,100
32,소장,20480,8,166027000,8301350,victory,100
33,소장,24355,8,166027000,8301350,victory,100
34,소장,28963,8,166027000,8301350,victory,100
35,소장,34443,8,166027000,8301350,victory,100
36,소장,40960,9,232437000,11621850,victory,99.8
37,소장,48710,9,232437000,11621850,victory,99.75
38,소장,57926,9,232437000,11621850,victory,99.8
39,소장,68886,9,232437000,11621850,victory,99.8
40,중장,81920,10,2169410000,108470500,victory,99.95
41,중장,103213,10,1084705000,54235250,victory,99.95
42,중장,130040,10,1084705000,54235250,victory,99.95
43,중장,163840,11,1518587000,75929350,victory,100
44,중장,206425,11,1518587000,75929350,victory,100
45,중장,260080,11,1518587000,75929350,victory,100
46,대장,327680,12,6378066000,318903300,victory,99.95
47,대장,412851,12,6378066000,318903300,victory,99.95
48,대장,520160,12,6378066000,318903300,victory,99.95
49,대장,655360,13,8929292000,446464600,victory,100
50,대장,825702,13,8929292000,446464600,victory,100.1
51,대장,1040319,13,8929292000,446464600,victory,99.9
52,준원수,1310720,14,41670026000,2083501300,victory,99.8
53,준원수,1558718,14,41670026000,2083501300,victory,100.05
54,준원수,1853638,14,41670026000,2083501300,victory,100.15
55,준원수,2204359,14,41670026000,2083501300,victory,100
56,준원수,2621440,14,41670026000,2083501300,victory,100.15
57,준원수,3117435,14,41670026000,2083501300,victory,100.15
58,준원수,3707276,14,41670026000,2083501300,victory,99.8
59,준원수,4408719,14,41670026000,2083501300,victory,99.8
60,소원수,5242880,15,350028216000,17501410800,victory,100.1
61,소원수,6605615,15,175014108000,8750705400,victory,100.05
62,소원수,8322553,15,175014108000,8750705400,victory,100.1
63,소원수,10485760,15,175014108000,8750705400,victory,100.1
64,소원수,13211230,15,175014108000,8750705400,victory,100.05
65,소원수,16645106,15,175014108000,8750705400,victory,100.1
66,중원수,20971520,16,816732502000,40836625100,victory,99.95
67,중원수,26422459,16,816732502000,40836625100,victory,100
68,중원수,33290213,16,816732502000,40836625100,victory,99.95
69,중원수,41943040,17,1143425503000,57171275150,victory,99.95
70,중원수,52844919,17,1143425503000,57171275150,victory,100.05
71,중원수,66580426,17,1143425503000,57171275150,victory,100.05
72,대원수,83886080,18,4802387110000,240119355500,victory,100
73,대원수,91478419,18,4802387110000,240119355500,victory,100.05
74,대원수,99757923,18,4802387110000,240119355500,victory,99.95
75,대원수,108786787,18,4802387110000,240119355500,victory,100
76,대원수,118632832,19,6723341954000,336167097700,victory,99.9
77,대원수,129370021,19,6723341954000,336167097700,victory,99.25
78,대원수,141079008,19,6723341954000,336167097700,victory,96.15
79,대원수,153847749,19,6723341954000,336167097700,victory,93.1
80,대원수,167772160,20,18825357472000,941267873600,victory,82.2
81,부사령관,1342177280,20,9412678736000,470633936800,victory,101.45
82,부사령관,1497410709,20,9412678736000,470633936800,victory,101.3
83,부사령관,1670598114,20,9412678736000,470633936800,victory,101.4
84,부사령관,1863816013,20,9412678736000,470633936800,victory,101.3
85,부사령관,2079381093,20,9412678736000,470633936800,victory,101.9
86,부사령관,2319877980,20,9412678736000,470633936800,victory,101.2
87,부사령관,2588190237,20,9412678736000,470633936800,victory,101.15
88,부사령관,2887534930,20,9412678736000,470633936800,victory,101.85
89,부사령관,3221501208,20,9412678736000,470633936800,victory,101.05
90,부사령관,3594093330,20,9412678736000,470633936800,victory,101.6
91,부사령관,4009778680,21,13177750230000,658887511500,victory,101.65
92,부사령관,4473541333,21,13177750230000,658887511500,victory,103.1
93,부사령관,4990941809,21,13177750230000,658887511500,victory,103.1
94,부사령관,5568183746,21,13177750230000,658887511500,victory,102.5
95,부사령관,6212188284,21,13177750230000,658887511500,victory,103.1
96,부사령관,6930677045,21,13177750230000,658887511500,victory,103
97,부사령관,7732264721,21,13177750230000,658887511500,victory,102.3
98,부사령관,8626562358,21,13177750230000,658887511500,victory,116.5
99,부사령관,9624292598,21,13177750230000,658887511500,victory,116.5
100,은하 준장,10737418240,22,1907103069146000,95355153457300,victory,99.95
101,은하 준장,11913911488,22,953551534573000,47677576728650,victory,99.95
102,은하 준장,13219312480,22,953551534573000,47677576728650,victory,100
103,은하 준장,14667745569,22,953551534573000,47677576728650,victory,99.95
104,은하 준장,16274882708,22,953551534573000,47677576728650,victory,99.95
105,은하 준장,18058113014,22,953551534573000,47677576728650,victory,100
106,은하 준장,20036730924,22,953551534573000,47677576728650,victory,99.95
107,은하 준장,22232144953,22,953551534573000,47677576728650,victory,99.95
108,은하 준장,24668109338,22,953551534573000,47677576728650,victory,100
109,은하 준장,27370981056,22,953551534573000,47677576728650,victory,99.95
110,은하 준장,30370005000,23,1125190810796000,56259540539800,victory,99.9
111,은하 준장,33697630414,23,1125190810796000,56259540539800,victory,100
112,은하 준장,37389861989,23,1125190810796000,56259540539800,victory,99.9
113,은하 준장,41486649428,23,1125190810796000,56259540539800,victory,99.9
114,은하 준장,46032319703,23,1125190810796000,56259540539800,victory,99.95
115,은하 준장,51076056671,23,1125190810796000,56259540539800,victory,99.9
116,은하 준장,56672433236,23,1125190810796000,56259540539800,victory,99.9
117,은하 준장,62882001826,23,1125190810796000,56259540539800,victory,99.9
118,은하 준장,69771949569,23,1125190810796000,56259540539800,victory,99.9
119,은하 준장,77416825248,23,1125190810796000,56259540539800,victory,99.9
120,은하 소장,85899345920,24,10621801253910000,531090062695500,victory,100
121,은하 소장,105754499839,24,5310900626955000,265545031347750,victory,100
122,은하 소장,130199061663,24,5310900626955000,265545031347750,victory,100
123,은하 소장,160293847390,24,5310900626955000,265545031347750,victory,100
124,은하 소장,197344874707,24,5310900626955000,265545031347750,victory,100
125,은하 소장,242960039998,25,6266862739807000,313343136990350,victory,99.9
126,은하 소장,299118895910,25,6266862739807000,313343136990350,victory,100.1
127,은하 소장,368258557625,25,6266862739807000,313343136990350,victory,99.9
128,은하 소장,453379465887,25,6266862739807000,313343136990350,victory,99.9
129,은하 소장,558175596552,25,6266862739807000,313343136990350,victory,99.9
130,은하 중장,687194767360,26,29579592131886000,1478979606594300,victory,99.85
131,은하 중장,846035998715,26,29579592131886000,1478979606594300,victory,99.8
132,은하 중장,1041592493307,26,29579592131886000,1478979606594300,victory,100
133,은하 중장,1282350779117,26,29579592131886000,1478979606594300,victory,99.85
134,은하 중장,1578758997658,26,29579592131886000,1478979606594300,victory,99.8
135,은하 중장,1943680319985,27,34903918715626000,1745195935781300,victory,100.1
136,은하 중장,2392951167278,27,34903918715626000,1745195935781300,victory,100.1
137,은하 중장,2946068461001,27,34903918715626000,1745195935781300,victory,100.4
138,은하 중장,3627035727093,27,34903918715626000,1745195935781300,victory,100.1
139,은하 중장,4465404772413,27,34903918715626000,1745195935781300,victory,100.1
140,은하 대장,5497558138880,28,329492992675502000,16474649633775100,victory,99.85
141,은하 대장,6099922681819,28,164746496337751000,8237324816887550,victory,99.85
142,은하 대장,6768287989721,28,164746496337751000,8237324816887550,victory,99.85
143,은하 대장,7509885731558,28,164746496337751000,8237324816887550,victory,99.85
144,은하 대장,8332739946454,28,164746496337751000,8237324816887550,victory,99.85
145,은하 대장,9245753863266,28,164746496337751000,8237324816887550,victory,99.85
146,은하 대장,10258806232933,28,164746496337751000,8237324816887550,victory,99.85
147,은하 대장,11382858215922,28,164746496337751000,8237324816887550,victory,99.85
148,은하 대장,12630071981264,28,164746496337751000,8237324816887550,victory,99.85
149,은하 대장,14013942300430,28,164746496337751000,8237324816887550,victory,99.85
150,은하 대장,15549442559877,29,194400865678546000,9720043283927300,victory,99.9
151,은하 대장,17253186772112,29,194400865678546000,9720043283927300,victory,100.2
152,은하 대장,19143609338221,29,194400865678546000,9720043283927300,victory,99.9
153,은하 대장,21241164506883,29,194400865678546000,9720043283927300,victory,99.9
154,은하 대장,23568547688008,29,194400865678546000,9720043283927300,victory,100.2
155,은하 대장,26150941015589,29,194400865678546000,9720043283927300,victory,99.9
156,은하 대장,29016285816744,29,194400865678546000,9720043283927300,victory,99.9
157,은하 대장,32195584935055,29,194400865678546000,9720043283927300,victory,100.2
158,은하 대장,35723238179304,29,194400865678546000,9720043283927300,victory,99.9
159,은하 대장,39637414527164,29,194400865678546000,9720043283927300,victory,99.9
160,은하 원수,43980465111040,30,1835144172005474000,91757208600273700,victory,100.25
