장비,강화단계,강화비용G,0강부터누적G,설계권장계급,사단기필요레벨,장비고유공격력,장비고유체력,공격간격ms
견인포,1,250000,250000,대위,0,3.080,28.000,2600
전차,1,1250000,1250000,소령,0,6.720,145.600,1750
자주포,1,3750000,3750000,중령,0,23.520,168.000,3250
공격헬기,1,11250000,11250000,대령,0,71.680,492.800,1650
다연장 로켓포,1,37500000,37500000,준장,0,430.080,1075.200,3900
전술 수송기,1,112500000,112500000,소장,0,0.000,3584.000,4650
전투기,1,375000000,375000000,중장,0,6881.280,9318.400,2400
레일건 전차,1,1125000000,1125000000,대장,0,51609.600,97484.800,2050
대륙간 탄도미사일,1,3750000000,3750000000,준원수,0,1376256.000,1146.880,8350
항공모함,1,11250000000,11250000000,소원수,0,1009254.400,2981888.000,3350
공중요새,1,37500000000,37500000000,중원수,0,6606028.800,11010048.000,2800
궤도 강습함,1,112500000000,112500000000,대원수,0,146800640.000,73400.320,9250
플라스마 전차,1,250000000000000,250000000000000,은하 준장,0,4133906022.400,7985954816.000,2050
무인기 모함,1,1000000000000000,1000000000000000,은하 소장,0,45097156608.000,60129542144.000,2800
타이탄 공성포,1,4000000000000000,4000000000000000,은하 중장,0,577243604582.400,601295421440.000,3500
성운 폭격기,1,16000000000000000,16000000000000000,은하 대장,0,6493990551552.001,4329327034368.000,3150
노바 캐논,1,64000000000000000,64000000000000000,은하 원수,0,123145302310912.016,38482906972.160,9250
견인포,2,350000,600000,대위,0,3.410,31.000,2400
전차,2,1750000,3000000,소령,0,7.440,161.200,1650
자주포,2,5250000,9000000,중령,0,26.040,186.000,3000
공격헬기,2,15750000,27000000,대령,0,79.360,545.600,1550
다연장 로켓포,2,52500000,90000000,준장,0,476.160,1190.400,3600
전술 수송기,2,157500000,270000000,소장,0,0.000,3968.000,4300
전투기,2,525000000,900000000,중장,0,7618.560,10316.800,2250
레일건 전차,2,1575000000,2700000000,대장,0,57139.200,107929.600,1900
대륙간 탄도미사일,2,5250000000,9000000000,준원수,0,1523712.000,1269.760,7750
항공모함,2,15750000000,27000000000,소원수,0,1117388.800,3301376.000,3100
공중요새,2,52500000000,90000000000,중원수,0,7313817.600,12189696.000,2600
궤도 강습함,2,157500000000,270000000000,대원수,0,162529280.000,81264.640,8600
플라스마 전차,2,295000000000000,545000000000000,은하 준장,0,4576824524.800,8841592832.000,1900
무인기 모함,2,1180000000000000,2180000000000000,은하 소장,0,49928994816.000,66571993088.000,2600
타이탄 공성포,2,4720000000000000,8720000000000000,은하 중장,0,639091133644.800,665719930880.000,3300
성운 폭격기,2,18880000000000000,34880000000000000,은하 대장,0,7189775253504.000,4793183502336.000,2950
노바 캐논,2,75520000000000000,139520000000000000,은하 원수,0,136339441844224.000,42606075576.320,8600
견인포,3,490000,1090000,소령,0,3.740,34.000,2250
전차,3,2450000,5450000,소령,0,8.160,176.800,1550
자주포,3,7350000,16350000,중령,0,28.560,204.000,2800
공격헬기,3,22050000,49050000,대령,0,87.040,598.400,1450
다연장 로켓포,3,73500000,163500000,준장,0,522.240,1305.600,3400
전술 수송기,3,220500000,490500000,소장,0,0.000,4352.000,4050
전투기,3,735000000,1635000000,중장,0,8355.840,11315.200,2100
레일건 전차,3,2205000000,4905000000,대장,0,62668.800,118374.400,1750
대륙간 탄도미사일,3,7350000000,16350000000,준원수,0,1671168.000,1392.640,7250
항공모함,3,22050000000,49050000000,소원수,0,1225523.200,3620864.000,2900
공중요새,3,73500000000,163500000000,중원수,0,8021606.400,13369344.000,2400
궤도 강습함,3,220500000000,490500000000,대원수,0,178257920.000,89128.960,8050
플라스마 전차,3,348100000000000,893100000000000,은하 준장,0,5019743027.200,9697230848.000,1750
무인기 모함,3,1392400000000000,3572400000000000,은하 소장,0,54760833024.000,73014444032.000,2400
타이탄 공성포,3,5569600000000000,14289600000000000,은하 중장,0,700938662707.200,730144440320.000,3050
성운 폭격기,3,22278400000000000,57158400000000000,은하 대장,0,7885559955455.999,5257039970304.000,2750
노바 캐논,3,89113600000000000,228633600000000000,은하 원수,0,149533581377536.000,46729244180.480,8050
견인포,4,690000,1780000,소령,0,4.070,37.000,2100
전차,4,3430000,8880000,소령,0,8.880,192.400,1450
자주포,4,10290000,26640000,중령,0,31.080,222.000,2650
공격헬기,4,30870000,79920000,대령,0,94.720,651.200,1350
다연장 로켓포,4,102900000,266400000,준장,0,568.320,1420.800,3200
전술 수송기,4,308700000,799200000,소장,0,0.000,4736.000,3800
전투기,4,1029000000,2664000000,중장,0,9093.120,12313.600,1950
레일건 전차,4,3087000000,7992000000,대장,0,68198.400,128819.200,1650
대륙간 탄도미사일,4,10290000000,26640000000,준원수,0,1818624.000,1515.520,6800
항공모함,4,30870000000,79920000000,소원수,0,1333657.600,3940352.000,2750
공중요새,4,102900000000,266400000000,중원수,0,8729395.200,14548992.000,2250
궤도 강습함,4,308700000000,799200000000,대원수,0,193986560.000,96993.280,7600
플라스마 전차,4,410758000000000,1303858000000000,은하 준장,0,5462661529.600,10552868864.000,1650
무인기 모함,4,1643032000000000,5215432000000000,은하 소장,0,59592671232.000,79456894976.000,2250
타이탄 공성포,4,6572128000000000,20861728000000000,은하 중장,0,762786191769.600,794568949760.000,2900
성운 폭격기,4,26288512000000000,83446912000000000,은하 대장,0,8581344657408.000,5720896438272.000,2600
노바 캐논,4,105154048000000000,333787648000000000,은하 원수,0,162727720910848.000,50852412784.640,7600
견인포,5,970000,2750000,중령,0,4.400,40.000,2000
전차,5,4810000,13690000,중령,0,9.600,208.000,1350
자주포,5,14410000,41050000,중령,0,33.600,240.000,2500
공격헬기,5,43220000,123140000,대령,0,102.400,704.000,1300
다연장 로켓포,5,144060000,410460000,준장,0,614.400,1536.000,3000
전술 수송기,5,432180000,1231380000,소장,0,0.000,5120.000,3550
전투기,5,1440600000,4104600000,중장,0,9830.400,13312.000,1850
레일건 전차,5,4321800000,12313800000,대장,0,73728.000,139264.000,1550
대륙간 탄도미사일,5,14406000000,41046000000,준원수,0,1966080.000,1638.400,6450
항공모함,5,43218000000,123138000000,소원수,0,1441792.000,4259840.000,2550
공중요새,5,144060000000,410460000000,중원수,0,9437184.000,15728640.000,2150
궤도 강습함,5,432180000000,1231380000000,대원수,0,209715200.000,104857.600,7150
플라스마 전차,5,484694440000000,1788552440000000,은하 준장,0,5905580032.000,11408506880.000,1550
무인기 모함,5,1938777760000000,7154209760000000,은하 소장,0,64424509440.000,85899345920.000,2150
타이탄 공성포,5,7755111040000000,28616839040000000,은하 중장,0,824633720832.000,858993459200.000,2700
성운 폭격기,5,31020444160000000,114467356160000000,은하 대장,0,9277129359360.000,6184752906240.000,2450
노바 캐논,5,124081776640000000,457869424640000000,은하 원수,0,175921860444160.000,54975581388.800,7150
견인포,6,1350000,4100000,대령,0,4.730,43.000,1900
전차,6,6730000,20420000,대령,0,10.320,223.600,1300
자주포,6,20170000,61220000,대령,0,36.120,258.000,2350
공격헬기,6,60510000,183650000,대령,0,110.080,756.800,1200
다연장 로켓포,6,201690000,612150000,준장,0,660.480,1651.200,2850
전술 수송기,6,605060000,1836440000,소장,0,0.000,5504.000,3400
전투기,6,2016840000,6121440000,중장,0,10567.680,14310.400,1750
레일건 전차,6,6050520000,18364320000,대장,0,79257.600,149708.800,1500
대륙간 탄도미사일,6,20168400000,61214400000,준원수,0,2113536.000,1761.280,6100
항공모함,6,60505200000,183643200000,소원수,0,1549926.400,4579328.000,2450
공중요새,6,201684000000,612144000000,중원수,0,10144972.800,16908288.000,2050
궤도 강습함,6,605052000000,1836432000000,대원수,0,225443840.000,112721.920,6750
플라스마 전차,6,571939439200000,2360491879200000,은하 준장,0,6348498534.400,12264144896.000,1500
무인기 모함,6,2287757756800000,9441967516800000,은하 소장,0,69256347648.000,92341796864.000,2050
타이탄 공성포,6,9151031027200000,37767870067200000,은하 중장,0,886481249894.400,923417968640.000,2550
성운 폭격기,6,36604124108800000,151071480268800000,은하 대장,0,9972914061312.000,6648609374208.000,2300
노바 캐논,6,146416496435200000,604285921075200000,은하 원수,0,189115999977472.000,59098749992.960,6750
견인포,7,1890000,5990000,준장,0,5.060,46.000,1800
전차,7,9420000,29840000,준장,0,11.040,239.200,1200
자주포,7,28240000,89460000,준장,0,38.640,276.000,2250
공격헬기,7,84710000,268360000,준장,0,117.760,809.600,1150
다연장 로켓포,7,282360000,894510000,준장,0,706.560,1766.400,2700
전술 수송기,7,847080000,2683520000,소장,0,0.000,5888.000,3200
전투기,7,2823580000,8945020000,중장,0,11304.960,15308.800,1650
레일건 전차,7,8470730000,26835050000,대장,0,84787.200,160153.600,1400
대륙간 탄도미사일,7,28235760000,89450160000,준원수,0,2260992.000,1884.160,5750
항공모함,7,84707280000,268350480000,소원수,0,1658060.800,4898816.000,2300
공중요새,7,282357600000,894501600000,중원수,0,10852761.600,18087936.000,1900
궤도 강습함,7,847072800000,2683504800000,대원수,0,241172480.000,120586.240,6400
플라스마 전차,7,674888538260000,3035380417460000,은하 준장,0,6791417036.800,13119782912.000,1400
무인기 모함,7,2699554153030000,12141521669830000,은하 소장,0,74088185856.000,98784247808.000,1900
타이탄 공성포,7,10798216612100000,48566086679300000,은하 중장,0,948328778956.800,987842478080.000,2450
성운 폭격기,7,43192866448390000,194264346717190000,은하 대장,0,10668698763264.000,7112465842175.999,2200
노바 캐논,7,172771465793540000,777057386868740000,은하 원수,0,202310139510784.000,63221918597.120,6400
견인포,8,2640000,8630000,소장,0,5.390,49.000,1700
전차,8,13180000,43020000,소장,0,11.760,254.800,1150
자주포,8,39540000,129000000,소장,0,41.160,294.000,2150
공격헬기,8,118600000,386960000,소장,0,125.440,862.400,1100
다연장 로켓포,8,395310000,1289820000,소장,0,752.640,1881.600,2550
전술 수송기,8,1185910000,3869430000,소장,0,0.000,6272.000,3050
전투기,8,3953010000,12898030000,중장,0,12042.240,16307.200,1600
레일건 전차,8,11859020000,38694070000,대장,0,90316.800,170598.400,1350
대륙간 탄도미사일,8,39530070000,128980230000,준원수,0,2408448.000,2007.040,5500
항공모함,8,118590200000,386940680000,소원수,0,1766195.200,5218304.000,2200
공중요새,8,395300640000,1289802240000,중원수,0,11560550.400,19267584.000,1850
궤도 강습함,8,1185901920000,3869406720000,대원수,0,256901120.000,128450.560,6100
플라스마 전차,8,796368475150000,3831748892610000,은하 준장,0,7234335539.200,13975420928.000,1350
무인기 모함,8,3185473900570000,15326995570400000,은하 소장,0,78920024064.000,105226698752.000,1850
타이탄 공성포,8,12741895602280000,61307982281580000,은하 중장,0,1010176308019.200,1052266987520.000,2300
성운 폭격기,8,50967582409100000,245231929126290000,은하 대장,0,11364483465216.000,7576322310144.000,2050
노바 캐논,8,203870329636380000,980927716505120000,은하 원수,0,215504279044096.000,67345087201.280,6100
견인포,9,3690000,12320000,중장,0,5.720,52.000,1650
전차,9,18450000,61470000,중장,0,12.480,270.400,1100
자주포,9,55350000,184350000,중장,0,43.680,312.000,2050
공격헬기,9,166030000,552990000,중장,0,133.120,915.200,1050
다연장 로켓포,9,553430000,1843250000,중장,0,798.720,1996.800,2450
전술 수송기,9,1660270000,5529700000,중장,0,0.000,6656.000,2900
전투기,9,5534210000,18432240000,중장,0,12779.520,17305.600,1500
레일건 전차,9,16602630000,55296700000,대장,0,95846.400,181043.200,1300
대륙간 탄도미사일,9,55342090000,184322320000,준원수,0,2555904.000,2129.920,5250
항공모함,9,166026270000,552966950000,소원수,0,1874329.600,5537792.000,2100
공중요새,9,553420900000,1843223140000,중원수,0,12268339.200,20447232.000,1750
궤도 강습함,9,1660262690000,5529669410000,대원수,0,272629760.000,136314.880,5800
플라스마 전차,9,939714800670000,4771463693280000,은하 준장,0,7677254041.600,14831058944.000,1300
무인기 모함,9,3758859202680000,19085854773080000,은하 소장,0,83751862272.000,111669149696.000,1750
타이탄 공성포,9,15035436810690000,76343419092270000,은하 중장,0,1072023837081.600,1116691496960.000,2200
성운 폭격기,9,60141747242730000,305373676369020000,은하 대장,0,12060268167168.000,8040178778112.000,2000
노바 캐논,9,240566988970920000,1221494705476040000,은하 원수,0,228698418577408.000,71468255805.440,5800
견인포,10,5170000,17490000,중장,0,6.050,55.000,1550
전차,10,25830000,87300000,중장,0,13.200,286.000,1050
자주포,10,77480000,261830000,중장,0,46.200,330.000,1950
공격헬기,10,232440000,785430000,중장,0,140.800,968.000,1000
다연장 로켓포,10,774790000,2618040000,중장,0,844.800,2112.000,2350
전술 수송기,10,2324370000,7854070000,중장,0,0.000,7040.000,2800
전투기,10,7747900000,26180140000,중장,0,13516.800,18304.000,1450
레일건 전차,10,23243680000,78540380000,대장,0,101376.000,191488.000,1200
대륙간 탄도미사일,10,77478930000,261801250000,준원수,0,2703360.000,2252.800,5000
항공모함,10,232436780000,785403730000,소원수,0,1982464.000,5857280.000,2000
공중요새,10,774789260000,2618012400000,중원수,0,12976128.000,21626880.000,1650
궤도 강습함,10,2324367770000,7854037180000,대원수,0,288358400.000,144179.200,5550
플라스마 전차,10,1108863464790000,5880327158070000,은하 준장,0,8120172544.000,15686696960.000,1200
무인기 모함,10,4435453859160000,23521308632240000,은하 소장,0,88583700480.000,118111600640.000,1650
타이탄 공성포,10,17741815436610000,94085234528880000,은하 중장,0,1133871366144.000,1181116006400.000,2100
성운 폭격기,10,70967261746430000,376340938115450000,은하 대장,0,12756052869120.002,8504035246080.001,1900
노바 캐논,10,283869046985690000,1505363752461730000,은하 원수,0,241892558110720.031,75591424409.600,5550
견인포,11,7240000,24730000,대장,1,6.435,58.500,1500
전차,11,36160000,123460000,대장,1,14.040,304.200,1000
자주포,11,108480000,370310000,대장,1,49.140,351.000,1850
공격헬기,11,325420000,1110850000,대장,1,149.760,1029.600,950
다연장 로켓포,11,1084710000,3702750000,대장,1,898.560,2246.400,2250
전술 수송기,11,3254120000,11108190000,대장,1,0.000,7488.000,2650
전투기,11,10847050000,37027190000,대장,1,14376.960,19468.800,1400
레일건 전차,11,32541150000,111081530000,대장,1,107827.200,203673.600,1150
대륙간 탄도미사일,11,108470500000,370271750000,준원수,1,2875392.000,2396.160,4800
항공모함,11,325411490000,1110815220000,소원수,1,2108620.800,6230016.000,1900
공중요새,11,1084704960000,3702717360000,중원수,1,13801881.600,23003136.000,1600
궤도 강습함,11,3254114870000,11108152050000,대원수,1,306708480.000,153354.240,5300
플라스마 전차,11,1308458888450000,7188786046520000,은하 준장,1,8636910796.800,16684941312.000,1150
무인기 모함,11,5233835553800000,28755144186040000,은하 소장,1,94220845056.000,125627793408.000,1600
타이탄 공성포,11,20935342215200000,115020576744080000,은하 중장,1,1206026816716.800,1256277934080.000,2000
성운 폭격기,11,83741368860780000,460082306976230000,은하 대장,1,13567801688064.000,9045201125376.000,1800
노바 캐논,11,334965475443110000,1840329227904840000,은하 원수,1,257285720899584.000,80401787781.120,5300
견인포,12,10130000,34860000,대장,2,6.930,63.000,1450
전차,12,50620000,174080000,대장,2,15.120,327.600,950
자주포,12,151860000,522170000,대장,2,52.920,378.000,1800
공격헬기,12,455580000,1566430000,대장,2,161.280,1108.800,900
다연장 로켓포,12,1518590000,5221340000,대장,2,967.680,2419.200,2150
전술 수송기,12,4555770000,15663960000,대장,2,0.000,8064.000,2550
전투기,12,15185870000,52213060000,대장,2,15482.880,20966.400,1350
레일건 전차,12,45557610000,156639140000,대장,2,116121.600,219340.800,1100
대륙간 탄도미사일,12,151858700000,522130450000,준원수,2,3096576.000,2580.480,4600
항공모함,12,455576090000,1566391310000,소원수,2,2270822.400,6709248.000,1850
공중요새,12,1518586940000,5221304300000,중원수,2,14863564.800,24772608.000,1550
궤도 강습함,12,4555760820000,15663912870000,대원수,2,330301440.000,165150.720,5100
플라스마 전차,12,1543981488380000,8732767534900000,은하 준장,2,9301288550.400,17968398336.000,1100
무인기 모함,12,6175925953490000,34931070139530000,은하 소장,2,101468602368.000,135291469824.000,1550
타이탄 공성포,12,24703703813930000,139724280558010000,은하 중장,2,1298798110310.400,1352914698240.000,1950
성운 폭격기,12,98814815255720000,558897122231950000,은하 대장,2,14611478740992.000,9740985827328.000,1750
노바 캐논,12,395259261022870000,2235588488927710000,은하 원수,2,277076930199552.000,86586540687.360,5100
견인포,13,14180000,49040000,준원수,3,7.535,68.500,1350
전차,13,70870000,244950000,준원수,3,16.440,356.200,950
자주포,13,212610000,734780000,준원수,3,57.540,411.000,1700
공격헬기,13,637810000,2204240000,준원수,3,175.360,1205.600,900
다연장 로켓포,13,2126030000,7347370000,준원수,3,1052.160,2630.400,2050
전술 수송기,13,6378070000,22042030000,준원수,3,0.000,8768.000,2450
전투기,13,21260220000,73473280000,준원수,3,16834.560,22796.800,1250
레일건 전차,13,63780660000,220419800000,준원수,3,126259.200,238489.600,1100
대륙간 탄도미사일,13,212602180000,734732630000,준원수,3,3366912.000,2805.760,4400
항공모함,13,637806520000,2204197830000,소원수,3,2469068.800,7294976.000,1750
공중요새,13,2126021720000,7347326020000,중원수,3,16161177.600,26935296.000,1450
궤도 강습함,13,6378065150000,22041978020000,대원수,3,359137280.000,179568.640,4900
플라스마 전차,13,1821898156280000,10554665691180000,은하 준장,3,10113305804.800,19537068032.000,1100
무인기 모함,13,7287592625110000,42218662764640000,은하 소장,3,110326972416.000,147102629888.000,1450
타이탄 공성포,13,29150370500440000,168874651058450000,은하 중장,3,1412185246924.800,1471026298880.000,1850
성운 폭격기,13,116601482001750000,675498604233700000,은하 대장,3,15887084027904.002,10591389351936.000,1650
노바 캐논,13,466405928006990000,2701994416934700000,은하 원수,3,301266186010624.000,94145683128.320,4900
견인포,14,19850000,68890000,준원수,4,8.250,75.000,1300
전차,14,99220000,344170000,준원수,4,18.000,390.000,900
자주포,14,297650000,1032430000,준원수,4,63.000,450.000,1650
공격헬기,14,892930000,3097170000,준원수,4,192.000,1320.000,850
다연장 로켓포,14,2976440000,10323810000,준원수,4,1152.000,2880.000,2000
전술 수송기,14,8929300000,30971330000,준원수,4,0.000,9600.000,2350
전투기,14,29764310000,103237590000,준원수,4,18432.000,24960.000,1250
레일건 전차,14,89292920000,309712720000,준원수,4,138240.000,261120.000,1050
대륙간 탄도미사일,14,297643040000,1032375670000,준원수,4,3686400.000,3072.000,4250
항공모함,14,892929120000,3097126950000,소원수,4,2703360.000,7987200.000,1700
공중요새,14,2976430400000,10323756420000,중원수,4,17694720.000,29491200.000,1400
궤도 강습함,14,8929291200000,30971269220000,대원수,4,393216000.000,196608.000,4700
플라스마 전차,14,2149839824410000,12704505515590000,은하 준장,4,11072962560.000,21390950400.000,1050
무인기 모함,14,8599359297630000,50818022062270000,은하 소장,4,120795955200.000,161061273600.000,1400
타이탄 공성포,14,34397437190520000,203272088248970000,은하 중장,4,1546188226560.000,1610612736000.000,1800
성운 폭격기,14,137589748762070000,813088352995770000,은하 대장,4,17394617548799.998,11596411699199.998,1600
노바 캐논,14,550358995048250000,3252353411982950000,은하 원수,4,329853488332799.938,103079215104.000,4700
견인포,15,27790000,96680000,소원수,5,9.075,82.500,1250
전차,15,138910000,483080000,소원수,5,19.800,429.000,850
자주포,15,416710000,1449140000,소원수,5,69.300,495.000,1600
공격헬기,15,1250110000,4347280000,소원수,5,211.200,1452.000,800
다연장 로켓포,15,4167010000,14490820000,소원수,5,1267.200,3168.000,1900
전술 수송기,15,12501010000,43472340000,소원수,5,0.000,10560.000,2250
전투기,15,41670030000,144907620000,소원수,5,20275.200,27456.000,1200
레일건 전차,15,125010080000,434722800000,소원수,5,152064.000,287232.000,1000
대륙간 탄도미사일,15,416700260000,1449075930000,소원수,5,4055040.000,3379.200,4100
항공모함,15,1250100770000,4347227720000,소원수,5,2973696.000,8785920.000,1650
공중요새,15,4167002560000,14490758980000,중원수,5,19464192.000,32440320.000,1350
궤도 강습함,15,12501007680000,43472276900000,대원수,5,432537600.000,216268.800,4550
플라스마 전차,15,2536810992810000,15241316508400000,은하 준장,5,12180258816.000,23530045440.000,1000
무인기 모함,15,10147243971210000,60965266033480000,은하 소장,5,132875550720.000,177167400960.000,1350
타이탄 공성포,15,40588975884810000,243861064133780000,은하 중장,5,1700807049216.000,1771674009600.000,1750
성운 폭격기,15,162355903539240000,975444256535010000,은하 대장,5,19134079303680.000,12756052869120.000,1550
노바 캐논,15,649423614156930000,3901777026139880000,은하 원수,5,362838837166080.000,113387136614.400,4550
견인포,16,38900000,135580000,중원수,6,10.010,91.000,1250
전차,16,194470000,677550000,중원수,6,21.840,473.200,850
자주포,16,583390000,2032530000,중원수,6,76.440,546.000,1550
공격헬기,16,1750150000,6097430000,중원수,6,232.960,1601.600,800
다연장 로켓포,16,5833810000,20324630000,중원수,6,1397.760,3494.400,1850
전술 수송기,16,17501420000,60973760000,중원수,6,0.000,11648.000,2200
전투기,16,58338040000,203245660000,중원수,6,22364.160,30284.800,1150
레일건 전차,16,175014110000,609736910000,중원수,6,167731.200,316825.600,950
대륙간 탄도미사일,16,583380360000,2032456290000,중원수,6,4472832.000,3727.360,3950
항공모함,16,1750141080000,6097368800000,중원수,6,3280076.800,9691136.000,1600
공중요새,16,5833803590000,20324562570000,중원수,6,21469593.600,35782656.000,1300
궤도 강습함,16,17501410760000,60973687660000,대원수,6,477102080.000,238551.040,4400
플라스마 전차,16,2993436971510000,18234753479910000,은하 준장,6,13435194572.800,25954353152.000,950
무인기 모함,16,11973747886020000,72939013919500000,은하 소장,6,146565758976.000,195421011968.000,1300
타이탄 공성포,16,47894991544080000,291756055677860000,은하 중장,6,1876041714892.800,1954210119680.000,1650
성운 폭격기,16,191579966176300000,1167024222711310000,은하 대장,6,21105469292544.000,14070312861695.998,1500
노바 캐논,16,766319864705180000,4668096890845060000,은하 원수,6,400222232510463.938,125069447659.520,4400
견인포,17,54450000,190030000,대원수,7,11.055,100.500,1200
전차,17,272250000,949800000,대원수,7,24.120,522.600,800
자주포,17,816740000,2849270000,대원수,7,84.420,603.000,1500
공격헬기,17,2450200000,8547630000,대원수,7,257.280,1768.800,750
다연장 로켓포,17,8167330000,28491960000,대원수,7,1543.680,3859.200,1800
전술 수송기,17,24501980000,85475740000,대원수,7,0.000,12864.000,2100
전투기,17,81673260000,284918920000,대원수,7,24698.880,33446.400,1100
레일건 전차,17,245019760000,854756670000,대원수,7,185241.600,349900.800,950
대륙간 탄도미사일,17,816732510000,2849188800000,대원수,7,4939776.000,4116.480,3800
항공모함,17,2450197510000,8547566310000,대원수,7,3622502.400,10702848.000,1550
공중요새,17,8167325020000,28491887590000,대원수,7,23710924.800,39518208.000,1250
궤도 강습함,17,24501975060000,85475662720000,대원수,7,526909440.000,263454.720,4250
플라스마 전차,17,3532255626380000,21767009106290000,은하 준장,7,14837769830.400,28663873536.000,950
무인기 모함,17,14129022505510000,87068036425010000,은하 소장,7,161866579968.000,215822106624.000,1250
타이탄 공성포,17,56516090022010000,348272145699870000,은하 중장,7,2071892223590.400,2158221066240.000,1600
성운 폭격기,17,226064360088030000,1393088582799340000,은하 대장,7,23308787515391.996,15539191676927.998,1450
노바 캐논,17,904257440352110000,5572354331197170000,은하 원수,7,442003674365951.938,138126148239.360,4250
견인포,18,76230000,266260000,대원수,8,12.210,111.000,1150
전차,18,381150000,1330950000,대원수,8,26.640,577.200,800
자주포,18,1143430000,3992700000,대원수,8,93.240,666.000,1450
공격헬기,18,3430280000,11977910000,대원수,8,284.160,1953.600,750
다연장 로켓포,18,11434260000,39926220000,대원수,8,1704.960,4262.400,1700
전술 수송기,18,34302770000,119778510000,대원수,8,0.000,14208.000,2050
전투기,18,114342560000,399261480000,대원수,8,27279.360,36940.800,1050
레일건 전차,18,343027660000,1197784330000,대원수,8,204595.200,386457.600,900
대륙간 탄도미사일,18,1143425510000,3992614310000,대원수,8,5455872.000,4546.560,3700
항공모함,18,3430276510000,11977842820000,대원수,8,4000972.800,11821056.000,1500
공중요새,18,11434255030000,39926142620000,대원수,8,26188185.600,43646976.000,1250
궤도 강습함,18,34302765080000,119778427800000,대원수,8,581959680.000,290979.840,4100
플라스마 전차,18,4168061639130000,25935070745420000,은하 준장,8,16387984588.800,31658606592.000,900
무인기 모함,18,16672246556500000,103740282981510000,은하 소장,8,178778013696.000,238370684928.000,1250
타이탄 공성포,18,66688986225970000,414961131925840000,은하 중장,8,2288358575308.800,2383706849280.000,1550
성운 폭격기,18,266755944903880000,1659844527703220000,은하 대장,8,25744033972224.004,17162689314816.002,1400
노바 캐논,18,1067023779615490000,6639378110812660000,은하 원수,8,488183162732544.063,152557238353.920,4100
견인포,19,106720000,372980000,특전원수,9,13.475,122.500,1100
전차,19,533600000,1864550000,특전원수,9,29.400,637.000,750
자주포,19,1600800000,5593500000,특전원수,9,102.900,735.000,1400
공격헬기,19,4802390000,16780300000,특전원수,9,313.600,2156.000,700
다연장 로켓포,19,16007960000,55934180000,특전원수,9,1881.600,4704.000,1650
전술 수송기,19,48023880000,167802390000,특전원수,9,0.000,15680.000,2000
전투기,19,160079580000,559341060000,특전원수,9,30105.600,40768.000,1050
레일건 전차,19,480238720000,1678023050000,특전원수,9,225792.000,426496.000,850
대륙간 탄도미사일,19,1600795710000,5593410020000,특전원수,9,6021120.000,5017.600,3550
항공모함,19,4802387110000,16780229930000,특전원수,9,4415488.000,13045760.000,1450
공중요새,19,16007957040000,55934099660000,특전원수,9,28901376.000,48168960.000,1200
궤도 강습함,19,48023871100000,167802298900000,특전원수,9,642252800.000,321126.400,3950
플라스마 전차,19,4918312734170000,30853383479590000,은하 준장,9,18085838848.000,34938552320.000,850
무인기 모함,19,19673250936670000,123413533918180000,은하 소장,9,197300060160.000,263066746880.000,1200
타이탄 공성포,19,78693003746650000,493654135672490000,은하 중장,9,2525440770048.000,2630667468800.000,1500
성운 폭격기,19,314772014986570000,1974616542689790000,은하 대장,9,28411208663040.004,18940805775360.000,1350
노바 캐논,19,1259088059946270000,7898466170758930000,은하 원수,9,538760697610240.063,168362718003.200,3950
견인포,20,149410000,522390000,특전원수,10,14.850,135.000,1100
전차,20,747040000,2611590000,특전원수,10,32.400,702.000,750
자주포,20,2241120000,7834620000,특전원수,10,113.400,810.000,1350
공격헬기,20,6723350000,23503650000,특전원수,10,345.600,2376.000,700
다연장 로켓포,20,22411140000,78345320000,특전원수,10,2073.600,5184.000,1600
전술 수송기,20,67233420000,235035810000,특전원수,10,0.000,17280.000,1900
전투기,20,224111400000,783452460000,특전원수,10,33177.600,44928.000,1000
레일건 전차,20,672334200000,2350357250000,특전원수,10,248832.000,470016.000,850
대륙간 탄도미사일,20,2241113990000,7834524010000,특전원수,10,6635520.000,5529.600,3450
항공모함,20,6723341960000,23503571890000,특전원수,10,4866048.000,14376960.000,1400
공중요새,20,22411139850000,78345239510000,특전원수,10,31850496.000,53084160.000,1150
궤도 강습함,20,67233419540000,235035718440000,특전원수,10,707788800.000,353894.400,3850
플라스마 전차,20,5803609026320000,36656992505910000,은하 준장,10,19931332608.000,38503710720.000,850
무인기 모함,20,23214436105260000,146627970023440000,은하 소장,10,217432719360.000,289910292480.000,1150
타이탄 공성포,20,92857744421040000,586511880093530000,은하 중장,10,2783138807808.000,2899102924800.000,1450
성운 폭격기,20,371430977684150000,2346047520373940000,은하 대장,10,31310311587840.004,20873541058560.000,1300
노바 캐논,20,1485723910736600000,9384190081495530000,은하 원수,10,593736278999040.000,185542587187.200,3850
견인포,21,209180000,731570000,부사령관,11,16.335,148.500,1050
전차,21,1045860000,3657450000,부사령관,11,35.640,772.200,700
자주포,21,3137560000,10972180000,부사령관,11,124.740,891.000,1300
공격헬기,21,9412680000,32916330000,부사령관,11,380.160,2613.600,650
다연장 로켓포,21,31375600000,109720920000,부사령관,11,2280.960,5702.400,1550
전술 수송기,21,94126790000,329162600000,부사령관,11,0.000,19008.000,1850
전투기,21,313755960000,1097208420000,부사령관,11,36495.360,49420.800,950
레일건 전차,21,941267880000,3291625130000,부사령관,11,273715.200,517017.600,800
대륙간 탄도미사일,21,3137559580000,10972083590000,부사령관,11,7299072.000,6082.560,3350
항공모함,21,9412678740000,32916250630000,부사령관,11,5352652.800,15814656.000,1350
공중요새,21,31375595790000,109720835300000,부사령관,11,35035545.600,58392576.000,1100
궤도 강습함,21,94126787360000,329162505800000,부사령관,11,778567680.000,389283.840,3750
플라스마 전차,21,6848258651060000,43505251156970000,은하 준장,11,21924465868.800,42354081792.000,800
무인기 모함,21,27393034604210000,174021004627650000,은하 소장,11,239175991296.000,318901321728.000,1100
타이탄 공성포,21,109572138416830000,696084018510360000,은하 중장,11,3061452688588.800,3189013217280.000,1400
성운 폭격기,21,438288553667300000,2784336074041240000,은하 대장,11,34441342746623.996,22960895164416.000,1250
노바 캐논,21,1753154214669190000,11137344296164720000,은하 원수,11,653109906898944.000,204096845905.920,3750
견인포,22,292840000,1024410000,은하 준장,12,17.930,163.000,1000
전차,22,1464200000,5121650000,은하 준장,12,39.120,847.600,700
자주포,22,4392590000,15364770000,은하 준장,12,136.920,978.000,1250
공격헬기,22,13177760000,46094090000,은하 준장,12,417.280,2868.800,650
다연장 로켓포,22,43925840000,153646760000,은하 준장,12,2503.680,6259.200,1500
전술 수송기,22,131777510000,460940110000,은하 준장,12,0.000,20864.000,1800
전투기,22,439258350000,1536466770000,은하 준장,12,40058.880,54246.400,950
레일건 전차,22,1317775030000,4609400160000,은하 준장,12,300441.600,567500.800,800
대륙간 탄도미사일,22,4392583410000,15364667000000,은하 준장,12,8011776.000,6676.480,3250
항공모함,22,13177750230000,46094000860000,은하 준장,12,5875302.400,17358848.000,1300
공중요새,22,43925834100000,153646669400000,은하 준장,12,38456524.800,64094208.000,1100
궤도 강습함,22,131777502300000,460940008100000,은하 준장,12,854589440.000,427294.720,3600
플라스마 전차,22,8080945208250000,51586196365220000,은하 준장,12,24065238630.400,46489665536.000,800
무인기 모함,22,32323780832970000,206344785460620000,은하 소장,12,262529875968.000,350039834624.000,1100
타이탄 공성포,22,129295123331860000,825379141842220000,은하 중장,12,3360382412390.400,3500398346240.000,1400
성운 폭격기,22,517180493327410000,3301516567368650000,은하 대장,12,37804302139392.000,25202868092928.000,1250
노바 캐논,22,2068721973309640000,13206066269474360000,은하 원수,12,716881581309952.000,224025494159.360,3600
견인포,23,409980000,1434390000,은하 준장,13,19.635,178.500,1000
전차,23,2049880000,7171530000,은하 준장,13,42.840,928.200,650
자주포,23,6149620000,21514390000,은하 준장,13,149.940,1071.000,1250
공격헬기,23,18448860000,64542950000,은하 준장,13,456.960,3141.600,650
다연장 로켓포,23,61496170000,215142930000,은하 준장,13,2741.760,6854.400,1500
전술 수송기,23,184488510000,645428620000,은하 준장,13,0.000,22848.000,1750
전투기,23,614961680000,2151428450000,은하 준장,13,43868.160,59404.800,900
레일건 전차,23,1844885040000,6454285200000,은하 준장,13,329011.200,621465.600,750
대륙간 탄도미사일,23,6149616780000,21514283780000,은하 준장,13,8773632.000,7311.360,3150
항공모함,23,18448850330000,64542851190000,은하 준장,13,6433996.800,19009536.000,1250
공중요새,23,61496167740000,215142837140000,은하 준장,13,42113433.600,70189056.000,1050
궤도 강습함,23,184488503220000,645428511320000,은하 준장,13,935854080.000,467927.040,3500
플라스마 전차,23,9535515345730000,61121711710950000,은하 준장,13,26353650892.800,50910461952.000,750
무인기 모함,23,38142061382900000,244486846843520000,은하 소장,13,287494373376.000,383325831168.000,1050
타이탄 공성포,23,152568245531590000,977947387373810000,은하 중장,13,3679927979212.800,3833258311680.000,1350
성운 폭격기,23,610272982126350000,3911789549495000000,은하 대장,13,41399189766144.000,27599459844096.000,1200
노바 캐논,23,2441091928505370000,15647158197979730000,은하 원수,13,785051302232064.000,245328531947.520,3500
견인포,24,573970000,2008360000,은하 소장,14,21.450,195.000,950
전차,24,2869830000,10041360000,은하 소장,14,46.800,1014.000,650
자주포,24,8609470000,30123860000,은하 소장,14,163.800,1170.000,1200
공격헬기,24,25828400000,90371350000,은하 소장,14,499.200,3432.000,600
다연장 로켓포,24,86094640000,301237570000,은하 소장,14,2995.200,7488.000,1450
전술 수송기,24,258283910000,903712530000,은하 소장,14,0.000,24960.000,1700
전투기,24,860946350000,3012374800000,은하 소장,14,47923.200,64896.000,900
레일건 전차,24,2582839050000,9037124250000,은하 소장,14,359424.000,678912.000,750
대륙간 탄도미사일,24,8609463490000,30123747270000,은하 소장,14,9584640.000,7987.200,3100
항공모함,24,25828390450000,90371241640000,은하 소장,14,7028736.000,20766720.000,1250
공중요새,24,86094634840000,301237471980000,은하 소장,14,46006272.000,76677120.000,1050
궤도 강습함,24,258283904500000,903712415820000,은하 소장,14,1022361600.000,511180.800,3400
플라스마 전차,24,11251908107960000,72373619818910000,은하 소장,14,28789702656.000,55616471040.000,750
무인기 모함,24,45007632431820000,289494479275340000,은하 소장,14,314069483520.000,418759311360.000,1050
타이탄 공성포,24,180030529727280000,1157977917101090000,은하 중장,14,4020089389056.000,4187593113600.000,1300
성운 폭격기,24,720122118909090000,4631911668404090000,은하 대장,14,45226005626880.000,30150670417920.000,1150
노바 캐논,24,2880488475636340000,18527646673616070000,은하 원수,14,857619069665280.000,268005959270.400,3400
견인포,25,803550000,2811910000,은하 소장,15,23.375,212.500,950
전차,25,4017750000,14059110000,은하 소장,15,51.000,1105.000,650
자주포,25,12053250000,42177110000,은하 소장,15,178.500,1275.000,1150
공격헬기,25,36159750000,126531100000,은하 소장,15,544.000,3740.000,600
다연장 로켓포,25,120532490000,421770060000,은하 소장,15,3264.000,8160.000,1400
전술 수송기,25,361597470000,1265310000000,은하 소장,15,0.000,27200.000,1650
전투기,25,1205324890000,4217699690000,은하 소장,15,52224.000,70720.000,850
레일건 전차,25,3615974670000,12653098920000,은하 소장,15,391680.000,739840.000,750
대륙간 탄도미사일,25,12053248880000,42176996150000,은하 소장,15,10444800.000,8704.000,3000
항공모함,25,36159746630000,126530988270000,은하 소장,15,7659520.000,22630400.000,1200
공중요새,25,120532488770000,421769960750000,은하 소장,15,50135040.000,83558400.000,1000
궤도 강습함,25,361597466300000,1265309882120000,은하 소장,15,1114112000.000,557056.000,3350
플라스마 전차,25,13277251567390000,85650871386300000,은하 소장,15,31373393920.000,60607692800.000,750
무인기 모함,25,53109006269550000,342603485544890000,은하 소장,15,342255206400.000,456340275200.000,1000
타이탄 공성포,25,212436025078180000,1370413942179270000,은하 중장,15,4380866641920.000,4563402752000.000,1250
성운 폭격기,25,849744100312720000,5481655768716810000,은하 대장,15,49284749721600.000,32856499814400.000,1150
노바 캐논,25,3398976401250880000,21926623074866950000,은하 원수,15,934584883609600.000,292057776128.000,3350
견인포,26,1124970000,3936880000,은하 중장,16,25.410,231.000,900
전차,26,5624850000,19683960000,은하 중장,16,55.440,1201.200,600
자주포,26,16874550000,59051660000,은하 중장,16,194.040,1386.000,1150
공격헬기,26,50623650000,177154750000,은하 중장,16,591.360,4065.600,600
다연장 로켓포,26,168745490000,590515550000,은하 중장,16,3548.160,8870.400,1350
전술 수송기,26,506236460000,1771546460000,은하 중장,16,0.000,29568.000,1600
전투기,26,1687454850000,5905154540000,은하 중장,16,56770.560,76876.800,850
레일건 전차,26,5062364530000,17715463450000,은하 중장,16,425779.200,804249.600,700
대륙간 탄도미사일,26,16874548430000,59051544580000,은하 중장,16,11354112.000,9461.760,2900
항공모함,26,50623645290000,177154633560000,은하 중장,16,8326348.800,24600576.000,1150
공중요새,26,168745484280000,590515445030000,은하 중장,16,54499737.600,90832896.000,950
궤도 강습함,26,506236452820000,1771546334940000,은하 중장,16,1211105280.000,605552.640,3250
플라스마 전차,26,15667156849520000,101318028235820000,은하 중장,16,34104724684.800,65884127232.000,700
무인기 모함,26,62668627398070000,405272112942960000,은하 중장,16,372051542016.000,496068722688.000,950
타이탄 공성포,26,250674509592260000,1621088451771530000,은하 중장,16,4762259737804.800,4960687226880.000,1250
성운 폭격기,26,1002698038369010000,6484353807085820000,은하 대장,16,53575422050304.000,35716948033536.000,1100
노바 캐논,26,4010792153476040000,25937415228342990000,은하 원수,16,1015948744065024.000,317483982520.320,3250
견인포,27,1574960000,5511840000,은하 중장,17,27.555,250.500,900
전차,27,7874790000,27558750000,은하 중장,17,60.120,1302.600,600
자주포,27,23624370000,82676030000,은하 중장,17,210.420,1503.000,1100
공격헬기,27,70873110000,248027860000,은하 중장,17,641.280,4408.800,550
다연장 로켓포,27,236243680000,826759230000,은하 중장,17,3847.680,9619.200,1350
전술 수송기,27,708731040000,2480277500000,은하 중장,17,0.000,32064.000,1600
전투기,27,2362436780000,8267591320000,은하 중장,17,61562.880,83366.400,800
레일건 전차,27,7087310340000,24802773790000,은하 중장,17,461721.600,872140.800,700
대륙간 탄도미사일,27,23624367800000,82675912380000,은하 중장,17,12312576.000,10260.480,2850
항공모함,27,70873103400000,248027736960000,은하 중장,17,9029222.400,26677248.000,1150
공중요새,27,236243677990000,826759123020000,은하 중장,17,59100364.800,98500608.000,950
궤도 강습함,27,708731033950000,2480277368890000,은하 중장,17,1313341440.000,656670.720,3150
플라스마 전차,27,18487245082430000,119805273318250000,은하 중장,17,36983694950.400,71445774336.000,700
무인기 모함,27,73948980329720000,479221093272680000,은하 중장,17,403458490368.000,537944653824.000,950
타이탄 공성포,27,295795921318860000,1916884373090390000,은하 중장,17,5164268676710.399,5379446538240.000,1200
성운 폭격기,27,1183183685275430000,7667537492361250000,은하 대장,17,58098022612992.000,38732015075328.000,1100
노바 캐논,27,4732734741101720000,30670149969444710000,은하 원수,17,1101710651031552.000,344284578447.360,3150
견인포,28,2204950000,7716790000,은하 대장,18,29.810,271.000,850
전차,28,11024710000,38583460000,은하 대장,18,65.040,1409.200,600
자주포,28,33074120000,115750150000,은하 대장,18,227.640,1626.000,1100
공격헬기,28,99222350000,347250210000,은하 대장,18,693.760,4769.600,550
다연장 로켓포,28,330741150000,1157500380000,은하 대장,18,4162.560,10406.400,1300
전술 수송기,28,992223450000,3472500950000,은하 대장,18,0.000,34688.000,1550
전투기,28,3307411500000,11575002820000,은하 대장,18,66600.960,90188.800,800
레일건 전차,28,9922234480000,34725008270000,은하 대장,18,499507.200,943513.600,700
대륙간 탄도미사일,28,33074114920000,115750027300000,은하 대장,18,13320192.000,11100.160,2800
항공모함,28,99222344760000,347250081720000,은하 대장,18,9768140.800,28860416.000,1100
공중요새,28,330741149180000,1157500272200000,은하 대장,18,63936921.600,106561536.000,950
궤도 강습함,28,992223447520000,3472500816410000,은하 대장,18,1420820480.000,710410.240,3100
플라스마 전차,28,21814949197270000,141620222515520000,은하 대장,18,40010304716.800,77292634112.000,700
무인기 모함,28,87259796789070000,566480890061750000,은하 대장,18,436476051456.000,581968068608.000,950
타이탄 공성포,28,349039187156260000,2265923560246650000,은하 대장,18,5586893458636.800,5819680686080.000,1150
성운 폭격기,28,1396156748625010000,9063694240986260000,은하 대장,18,62852551409664.000,41901700939776.000,1050
노바 캐논,28,5584626994500030000,36254776963944740000,은하 원수,18,1191870604509184.000,372459563909.120,3100
견인포,29,3086920000,10803710000,은하 대장,19,32.175,292.500,850
전차,29,15434590000,54018050000,은하 대장,19,70.200,1521.000,550
자주포,29,46303770000,162053920000,은하 대장,19,245.700,1755.000,1050
공격헬기,29,138911290000,486161500000,은하 대장,19,748.800,5148.000,550
다연장 로켓포,29,463037610000,1620537990000,은하 대장,19,4492.800,11232.000,1250
전술 수송기,29,1389112830000,4861613780000,은하 대장,19,0.000,37440.000,1500
전투기,29,4630376090000,16205378910000,은하 대장,19,71884.800,97344.000,800
레일건 전차,29,13891128270000,48616136540000,은하 대장,19,539136.000,1018368.000,650
대륙간 탄도미사일,29,46303760890000,162053788190000,은하 대장,19,14376960.000,11980.800,2700
항공모함,29,138911282660000,486161364380000,은하 대장,19,10543104.000,31150080.000,1100
공중요새,29,463037608850000,1620537881050000,은하 대장,19,69009408.000,115015680.000,900
궤도 강습함,29,1389112826530000,4861613642940000,은하 대장,19,1533542400.000,766771.200,3000
플라스마 전차,29,25741640052780000,167361862568300000,은하 대장,19,43184553984.000,83424706560.000,650
무인기 모함,29,102966560211100000,669447450272850000,은하 대장,19,471104225280.000,628138967040.000,900
타이탄 공성포,29,411866240844380000,2677789801091030000,은하 대장,19,6030134083584.000,6281389670400.000,1150
성운 폭격기,29,1647464963377510000,10711159204363770000,은하 대장,19,67839008440319.992,45226005626880.000,1000
노바 캐논,29,6589859853510040000,42844636817454780000,은하 원수,19,1286428604497920.000,402008938905.600,3000
견인포,30,4321690000,15125400000,은하 원수,20,34.650,315.000,800
전차,30,21608430000,75626480000,은하 원수,20,75.600,1638.000,550
자주포,30,64825270000,226879190000,은하 원수,20,264.600,1890.000,1050
공격헬기,30,194475800000,680637300000,은하 원수,20,806.400,5544.000,550
다연장 로켓포,30,648252660000,2268790650000,은하 원수,20,4838.400,12096.000,1250
전술 수송기,30,1944757960000,6806371740000,은하 원수,20,0.000,40320.000,1450
전투기,30,6482526530000,22687905440000,은하 원수,20,77414.400,104832.000,750
레일건 전차,30,19447579580000,68063716120000,은하 원수,20,580608.000,1096704.000,650
대륙간 탄도미사일,30,64825265240000,226879053430000,은하 원수,20,15482880.000,12902.400,2650
항공모함,30,194475795720000,680637160100000,은하 원수,20,11354112.000,33546240.000,1050
공중요새,30,648252652380000,2268790533430000,은하 원수,20,74317824.000,123863040.000,900
궤도 강습함,30,1944757957140000,6806371600080000,은하 원수,20,1651507200.000,825753.600,2950
플라스마 전차,30,30375135262280000,197736997830580000,은하 원수,20,46506442752.000,89841991680.000,650
무인기 모함,30,121500541049100000,790947991321950000,은하 원수,20,507343011840.000,676457349120.000,900
타이탄 공성포,30,486002164196370000,3163791965287400000,은하 원수,20,6493990551552.000,6764573491200.000,1100
성운 폭격기,30,1944008656785460000,12655167861149230000,은하 원수,20,73057393704960.000,48704929136640.000,1000
노바 캐논,30,7776034627141840000,50620671444596620000,은하 원수,20,1385384650997760.000,432932703436.800,2950
견인포,31,6050360000,21175760000,은하 원수,21,37.235,338.500,800
전차,31,30251800000,105878280000,은하 원수,21,81.240,1760.200,550
자주포,31,90755380000,317634570000,은하 원수,21,284.340,2031.000,1000
공격헬기,31,272266120000,952903420000,은하 원수,21,866.560,5957.600,500
다연장 로켓포,31,907553720000,3176344370000,은하 원수,21,5199.360,12998.400,1200
전술 수송기,31,2722661140000,9529032880000,은하 원수,21,0.000,43328.000,1450
전투기,31,9075537140000,31763442580000,은하 원수,21,83189.760,112652.800,750
레일건 전차,31,27226611400000,95290327520000,은하 원수,21,623923.200,1178521.600,650
대륙간 탄도미사일,31,90755371340000,317634424770000,은하 원수,21,16637952.000,13864.960,2600
항공모함,31,272266114000000,952903274100000,은하 원수,21,12201164.800,36048896.000,1050
공중요새,31,907553713340000,3176344246770000,은하 원수,21,79862169.600,133103616.000,850
궤도 강습함,31,2722661140000000,9529032740080000,은하 원수,21,1774714880.000,887357.440,2850
플라스마 전차,31,35842659609490000,233579657440070000,은하 원수,21,49975971020.800,96544489472.000,650
무인기 모함,31,143370638437930000,934318629759880000,은하 원수,21,545192411136.000,726923214848.000,850
타이탄 공성포,31,573482553751720000,3737274519039120000,은하 원수,21,6978462862540.800,7269232148480.000,1100
성운 폭격기,31,2293930215006850000,14949098076156080000,은하 원수,21,78507707203584.000,52338471469056.000,1000
노바 캐논,31,9175720860027370000,59796392304623990000,은하 원수,21,1488738744008704.000,465230857502.720,2850
견인포,32,8470510000,29646270000,은하 원수,22,39.930,363.000,800
전차,32,42352510000,148230790000,은하 원수,22,87.120,1887.600,550
자주포,32,127057520000,444692090000,은하 원수,22,304.920,2178.000,1000
공격헬기,32,381172560000,1334075980000,은하 원수,22,929.280,6388.800,500
다연장 로켓포,32,1270575200000,4446919570000,은하 원수,22,5575.680,13939.200,1200
전술 수송기,32,3811725600000,13340758480000,은하 원수,22,0.000,46464.000,1400
전투기,32,12705751990000,44469194570000,은하 원수,22,89210.880,120806.400,750
레일건 전차,32,38117255960000,133407583480000,은하 원수,22,669081.600,1263820.800,600
대륙간 탄도미사일,32,127057519870000,444691944640000,은하 원수,22,17842176.000,14868.480,2550
항공모함,32,381172559600000,1334075833700000,은하 원수,22,13084262.400,38658048.000,1000
공중요새,32,1270575198670000,4446919445440000,은하 원수,22,85642444.800,142737408.000,850
궤도 강습함,32,3811725595990000,13340758336070000,은하 원수,22,1903165440.000,951582.720,2800
플라스마 전차,32,42294338339190000,275873995779260000,은하 원수,22,53593138790.400,103532199936.000,600
무인기 모함,32,169177353356760000,1103495983116640000,은하 원수,22,584652423168.000,779536564224.000,850
타이탄 공성포,32,676709413427020000,4413983932466140000,은하 원수,22,7483551016550.399,7795365642240.000,1050
성운 폭격기,32,2706837653708080000,17655935729864160000,은하 원수,22,84189948936192.000,56126632624128.000,950
노바 캐논,32,10827350614832300000,70623742919456290000,은하 원수,22,1596490883530752.000,498903401103.360,2800
견인포,33,11858710000,41504980000,은하 원수,23,42.735,388.500,750
전차,33,59293510000,207524300000,은하 원수,23,93.240,2020.200,500
자주포,33,177880530000,622572620000,은하 원수,23,326.340,2331.000,950
공격헬기,33,533641590000,1867717570000,은하 원수,23,994.560,6837.600,500
다연장 로켓포,33,1778805280000,6225724850000,은하 원수,23,5967.360,14918.400,1150
전술 수송기,33,5336415840000,18677174320000,은하 원수,23,0.000,49728.000,1350
전투기,33,17788052790000,62257247360000,은하 원수,23,95477.760,129292.800,700
레일건 전차,33,53364158350000,186771741830000,은하 원수,23,716083.200,1352601.600,600
대륙간 탄도미사일,33,177880527820000,622572472460000,은하 원수,23,19095552.000,15912.960,2450
항공모함,33,533641583440000,1867717417140000,은하 원수,23,14003404.800,41373696.000,1000
공중요새,33,1778805278130000,6225724723570000,은하 원수,23,91658649.600,152764416.000,800
궤도 강습함,33,5336415834390000,18677174170460000,은하 원수,23,2036858880.000,1018429.440,2750
플라스마 전차,33,49907319240250000,325781315019510000,은하 원수,23,57357946060.800,110805123072.000,600
무인기 모함,33,199629276960980000,1303125260077620000,은하 원수,23,625723047936.000,834297397248.000,800
타이탄 공성포,33,798517107843890000,5212501040310030000,은하 원수,23,8009255013580.800,8342973972480.000,1050
성운 폭격기,33,3194068431375530000,20850004161239690000,은하 원수,23,90104118902784.000,60069412601856.000,950
노바 캐논,33,12776273725502110000,83400016644958400000,은하 원수,23,1708641069563904.000,533950334238.720,2750
견인포,34,16602190000,58107170000,은하 원수,24,45.650,415.000,750
전차,34,83010920000,290535220000,은하 원수,24,99.600,2158.000,500
자주포,34,249032740000,871605360000,은하 원수,24,348.600,2490.000,950
공격헬기,34,747098220000,2614815790000,은하 원수,24,1062.400,7304.000,500
다연장 로켓포,34,2490327390000,8716052240000,은하 원수,24,6374.400,15936.000,1150
전술 수송기,34,7470982170000,26148156490000,은하 원수,24,0.000,53120.000,1350
전투기,34,24903273900000,87160521260000,은하 원수,24,101990.400,138112.000,700
레일건 전차,34,74709821690000,261481563520000,은하 원수,24,764928.000,1444864.000,600
대륙간 탄도미사일,34,249032738940000,871605211400000,은하 원수,24,20398080.000,16998.400,2400
항공모함,34,747098216820000,2614815633960000,은하 원수,24,14958592.000,44195840.000,950
공중요새,34,2490327389380000,8716052112950000,은하 원수,24,97910784.000,163184640.000,800
궤도 강습함,34,7470982168140000,26148156338600000,은하 원수,24,2175795200.000,1087897.600,2700
플라스마 전차,34,58890636703490000,384671951723000000,은하 원수,24,61270392832.000,118363258880.000,600
무인기 모함,34,235562546813950000,1538687806891570000,은하 원수,24,668404285440.000,891205713920.000,800
타이탄 공성포,34,942250187255790000,6154751227565820000,은하 원수,24,8555574853632.001,8912057139200.000,1000
성운 폭격기,34,3769000749023130000,24619004910262820000,은하 원수,24,96250217103360.016,64166811402240.008,900
노바 캐논,34,15076002996092490000,98476019641050890000,은하 원수,24,1825189302108160.250,570371656908.800,2700
견인포,35,23243060000,81350230000,은하 원수,25,48.675,442.500,750
전차,35,116215280000,406750500000,은하 원수,25,106.200,2301.000,500
자주포,35,348645840000,1220251200000,은하 원수,25,371.700,2655.000,900
공격헬기,35,1045937510000,3660753300000,은하 원수,25,1132.800,7788.000,450
다연장 로켓포,35,3486458350000,12202510590000,은하 원수,25,6796.800,16992.000,1100
전술 수송기,35,10459375040000,36607531530000,은하 원수,25,0.000,56640.000,1300
전투기,35,34864583460000,122025104720000,은하 원수,25,108748.800,147264.000,700
레일건 전차,35,104593750360000,366075313880000,은하 원수,25,815616.000,1540608.000,600
대륙간 탄도미사일,35,348645834520000,1220251045920000,은하 원수,25,21749760.000,18124.800,2350
항공모함,35,1045937503540000,3660753137500000,은하 원수,25,15949824.000,47124480.000,950
공중요새,35,3486458345140000,12202510458090000,은하 원수,25,104398848.000,173998080.000,800
궤도 강습함,35,10459375035400000,36607531374000000,은하 원수,25,2319974400.000,1159987.200,2650
플라스마 전차,35,69490951310120000,454162903033120000,은하 원수,25,65330479104.000,126206607360.000,600
무인기 모함,35,277963805240460000,1816651612132030000,은하 원수,25,712696135680.000,950261514240.000,800
타이탄 공성포,35,1111855220961830000,7266606448527650000,은하 원수,25,9122510536704.000,9502615142400.000,1000
성운 폭격기,35,4447420883847290000,29066425794110110000,은하 원수,25,102628243537920.000,68418829025280.000,900
노바 캐논,35,17789683535389140000,116265703176440030000,은하 원수,25,1946135581163520.000,608167369113.600,2650
견인포,36,32540280000,113890510000,은하 원수,26,51.810,471.000,700
전차,36,162701390000,569451890000,은하 원수,26,113.040,2449.200,500
자주포,36,488104170000,1708355370000,은하 원수,26,395.640,2826.000,900
공격헬기,36,1464312510000,5125065810000,은하 원수,26,1205.760,8289.600,450
다연장 로켓포,36,4881041690000,17083552280000,은하 원수,26,7234.560,18086.400,1100
전술 수송기,36,14643125050000,51250656580000,은하 원수,26,0.000,60288.000,1300
전투기,36,48810416840000,170835521560000,은하 원수,26,115752.960,156748.800,650
레일건 전차,36,146431250500000,512506564380000,은하 원수,26,868147.200,1639833.600,550
대륙간 탄도미사일,36,488104168320000,1708355214240000,은하 원수,26,23150592.000,19292.160,2300
항공모함,36,1464312504960000,5125065642460000,은하 원수,26,16977100.800,50159616.000,950
공중요새,36,4881041683190000,17083552141280000,은하 원수,26,111122841.600,185204736.000,750
궤도 강습함,36,14643125049560000,51250656423560000,은하 원수,26,2469396480.000,1234698.240,2600
플라스마 전차,36,81999322545940000,536162225579060000,은하 원수,26,69538204876.800,134335168512.000,550
무인기 모함,36,327997290183740000,2144648902315770000,은하 원수,26,758598598656.000,1011464798208.000,750
타이탄 공성포,36,1311989160734950000,8578595609262600000,은하 원수,26,9710062062796.801,10114647982080.000,1000
성운 폭격기,36,5247956642939800000,34314382437049910000,은하 원수,26,109238198206464.000,72825465470976.000,900
노바 캐논,36,20991826571759190000,137257529748199220000,은하 원수,26,2071479906729984.000,647337470853.120,2600
견인포,37,45556390000,159446900000,은하 원수,27,55.055,500.500,700
전차,37,227781950000,797233840000,은하 원수,27,120.120,2602.600,500
자주포,37,683345840000,2391701210000,은하 원수,27,420.420,3003.000,900
공격헬기,37,2050037510000,7175103320000,은하 원수,27,1281.280,8808.800,450
다연장 로켓포,37,6833458360000,23917010640000,은하 원수,27,7687.680,19219.200,1050
전술 수송기,37,20500375070000,71751031650000,은하 원수,27,0.000,64064.000,1250
전투기,37,68334583570000,239170105130000,은하 원수,27,123002.880,166566.400,650
레일건 전차,37,205003750700000,717510315080000,은하 원수,27,922521.600,1742540.800,550
대륙간 탄도미사일,37,683345835650000,2391701049890000,은하 원수,27,24600576.000,20500.480,2250
항공모함,37,2050037506940000,7175103149400000,은하 원수,27,18040422.400,53301248.000,900
공중요새,37,6833458356460000,23917010497740000,은하 원수,27,118082764.800,196804608.000,750
궤도 강습함,37,20500375069380000,71751031492940000,은하 원수,27,2624061440.000,1312030.720,2550
플라스마 전차,37,96759200604210000,632921426183270000,은하 원수,27,73893570150.400,142748942336.000,550
무인기 모함,37,387036802416810000,2531685704732580000,은하 원수,27,806111674368.000,1074815565824.000,750
타이탄 공성포,37,1548147209667240000,10126742818929840000,은하 원수,27,10318229431910.400,10748155658240.000,950
성운 폭격기,37,6192588838668960000,40506971275718870000,은하 원수,27,116080081108992.000,77386720739328.000,850
노바 캐논,37,24770355354675840000,162027885102875060000,은하 원수,27,2201222278807552.000,687881962127.360,2550
견인포,38,63778950000,223225850000,은하 원수,28,58.410,531.000,700
전차,38,318894730000,1116128570000,은하 원수,28,127.440,2761.200,450
자주포,38,956684170000,3348385380000,은하 원수,28,446.040,3186.000,850
공격헬기,38,2870052510000,10045155830000,은하 원수,28,1359.360,9345.600,450
다연장 로켓포,38,9566841700000,33483852340000,은하 원수,28,8156.160,20390.400,1050
전술 수송기,38,28700525100000,100451556750000,은하 원수,28,0.000,67968.000,1250
전투기,38,95668417000000,334838522130000,은하 원수,28,130498.560,176716.800,650
레일건 전차,38,287005250980000,1004515566060000,은하 원수,28,978739.200,1848729.600,550
대륙간 탄도미사일,38,956684169910000,3348385219800000,은하 원수,28,26099712.000,21749.760,2250
항공모함,38,2870052509720000,10045155659120000,은하 원수,28,19139788.800,56549376.000,900
공중요새,38,9566841699040000,33483852196780000,은하 원수,28,125278617.600,208797696.000,750
궤도 강습함,38,28700525097120000,100451556590060000,은하 원수,28,2783969280.000,1391984.640,2500
플라스마 전차,38,114175856712960000,747097282896230000,은하 원수,28,78396574924.800,151447928832.000,550
무인기 모함,38,456703426851840000,2988389131584420000,은하 원수,28,855235362816.000,1140313817088.000,750
타이탄 공성포,38,1826813707407350000,11953556526337190000,은하 원수,28,10947012644044.799,11403138170880.000,950
성운 폭격기,38,7307254829629380000,47814226105348250000,은하 원수,28,123153892245503.984,82102594830336.000,850
노바 캐논,38,29229019318517490000,191256904421392550000,은하 원수,28,2335362697396224.000,729800842936.320,2500
견인포,39,89290530000,312516380000,은하 원수,29,61.875,562.500,700
전차,39,446452620000,1562581190000,은하 원수,29,135.000,2925.000,450
자주포,39,1339357840000,4687743220000,은하 원수,29,472.500,3375.000,850
공격헬기,39,4018073520000,14063229350000,은하 원수,29,1440.000,9900.000,450
다연장 로켓포,39,13393578380000,46877430720000,은하 원수,29,8640.000,21600.000,1000
전술 수송기,39,40180735140000,140632291890000,은하 원수,29,0.000,72000.000,1200
전투기,39,133935783790000,468774305920000,은하 원수,29,138240.000,187200.000,650
레일건 전차,39,401807351360000,1406322917420000,은하 원수,29,1036800.000,1958400.000,550
대륙간 탄도미사일,39,1339357837870000,4687743057670000,은하 원수,29,27648000.000,23040.000,2200
항공모함,39,4018073513600000,14063229172720000,은하 원수,29,20275200.000,59904000.000,850
공중요새,39,13393578378660000,46877430575440000,은하 원수,29,132710400.000,221184000.000,750
궤도 강습함,39,40180735135970000,140632291726030000,은하 원수,29,2949120000.000,1474560.000,2450
플라스마 전차,39,134727510921300000,881824793817530000,은하 원수,29,83047219200.000,160432128000.000,550
무인기 모함,39,538910043685170000,3527299175269590000,은하 원수,29,905969664000.000,1207959552000.000,750
타이탄 공성포,39,2155640174740670000,14109196701077860000,은하 원수,29,11596411699200.000,12079595520000.000,900
성운 폭격기,39,8622560698962660000,56436786804310910000,은하 원수,29,130459631616000.000,86973087744000.000,850
노바 캐논,39,34490242795850640000,225747147217243190000,은하 원수,29,2473901162496000.000,773094113280.000,2450
견인포,40,125006740000,437523120000,은하 원수,30,65.450,595.000,650
전차,40,625033660000,2187614850000,은하 원수,30,142.800,3094.000,450
자주포,40,1875100980000,6562844200000,은하 원수,30,499.800,3570.000,850
공격헬기,40,5625302920000,19688532270000,은하 원수,30,1523.200,10472.000,450
다연장 로켓포,40,18751009740000,65628440460000,은하 원수,30,9139.200,22848.000,1000
전술 수송기,40,56253029200000,196885321090000,은하 원수,30,0.000,76160.000,1200
전투기,40,187510097310000,656284403230000,은하 원수,30,146227.200,198016.000,600
레일건 전차,40,562530291910000,1968853209330000,은하 원수,30,1096704.000,2071552.000,500
대륙간 탄도미사일,40,1875100973020000,6562844030690000,은하 원수,30,29245440.000,24371.200,2150
항공모함,40,5625302919040000,19688532091760000,은하 원수,30,21446656.000,63365120.000,850
공중요새,40,18751009730120000,65628440305560000,은하 원수,30,140378112.000,233963520.000,700
궤도 강습함,40,56253029190360000,196885320916390000,은하 원수,30,3119513600.000,1559756.800,2400
플라스마 전차,40,158978462887130000,1040803256704660000,은하 원수,30,87845502976.000,169701539840.000,500
무인기 모함,40,635913851548500000,4163213026818090000,은하 원수,30,958314577920.000,1277752770560.000,700
타이탄 공성포,40,2543655406193990000,16652852107271850000,은하 원수,30,12266426597376.000,12777527705600.000,900
성운 폭격기,40,10174621624775940000,66611408429086850000,은하 원수,30,137997299220480.000,91998199480320.000,800
노바 캐논,40,40698486499103750000,266445633716346940000,은하 원수,30,2616837674106880.000,817761773158.400,2400
견인포,41,12800000000000000000,12800000437523120000,은하단 준장,31,69.135,628.500,650
전차,41,12800000000000000000,12800002187614850000,은하단 준장,31,150.840,3268.200,450
자주포,41,12800000000000000000,12800006562844200000,은하단 준장,31,527.940,3771.000,800
공격헬기,41,12800000000000000000,12800019688532270000,은하단 준장,31,1608.960,11061.600,400
다연장 로켓포,41,12800000000000000000,12800065628440460000,은하단 준장,31,9653.760,24134.400,1000
전술 수송기,41,12800000000000000000,12800196885321090000,은하단 준장,31,0.000,80448.000,1150
전투기,41,12800000000000000000,12800656284403230000,은하단 준장,31,154460.160,209164.800,600
레일건 전차,41,12800000000000000000,12801968853209330000,은하단 준장,31,1158451.200,2188185.600,500
대륙간 탄도미사일,41,12800000000000000000,12806562844030690000,은하단 준장,31,30892032.000,25743.360,2100
항공모함,41,12800000000000000000,12819688532091760000,은하단 준장,31,22654156.800,66932736.000,850
공중요새,41,12800000000000000000,12865628440305560000,은하단 준장,31,148281753.600,247136256.000,700
궤도 강습함,41,12800000000000000000,12996885320916390000,은하단 준장,31,3295150080.000,1647575.040,2350
플라스마 전차,41,12800000000000000000,13840803256704660000,은하단 준장,31,92791426252.800,179256164352.000,500
무인기 모함,41,12800000000000000000,16963213026818090000,은하단 준장,31,1012270104576.000,1349693472768.000,700
타이탄 공성포,41,12800000000000000000,29452852107271850000,은하단 준장,31,12957057338572.801,13496934727680.000,900
성운 폭격기,41,15261932437163910000,81873340866250760000,은하단 준장,31,145766895058944.000,97177930039296.000,800
노바 캐논,41,61047729748655630000,327493363465002570000,은하단 준장,31,2764172232228864.000,863803822571.520,2350
견인포,42,19200000000000000000,32000000437523120000,은하단 준장,32,72.930,663.000,650
전차,42,19200000000000000000,32000002187614850000,은하단 준장,32,159.120,3447.600,450
자주포,42,19200000000000000000,32000006562844200000,은하단 준장,32,556.920,3978.000,800
공격헬기,42,19200000000000000000,32000019688532270000,은하단 준장,32,1697.280,11668.800,400
다연장 로켓포,42,19200000000000000000,32000065628440460000,은하단 준장,32,10183.680,25459.200,950
전술 수송기,42,19200000000000000000,32000196885321090000,은하단 준장,32,0.000,84864.000,1150
전투기,42,19200000000000000000,32000656284403230000,은하단 준장,32,162938.880,220646.400,600
레일건 전차,42,19200000000000000000,32001968853209330000,은하단 준장,32,1222041.600,2308300.800,500
대륙간 탄도미사일,42,19200000000000000000,32006562844030690000,은하단 준장,32,32587776.000,27156.480,2050
항공모함,42,19200000000000000000,32019688532091760000,은하단 준장,32,23897702.400,70606848.000,850
공중요새,42,19200000000000000000,32065628440305560000,은하단 준장,32,156421324.800,260702208.000,700
궤도 강습함,42,19200000000000000000,32196885320916390000,은하단 준장,32,3476029440.000,1738014.720,2300
플라스마 전차,42,19200000000000000000,33040803256704660000,은하단 준장,32,97884989030.400,189096001536.000,500
무인기 모함,42,19200000000000000000,36163213026818090000,은하단 준장,32,1067836243968.000,1423781658624.000,700
타이탄 공성포,42,19200000000000000000,48652852107271850000,은하단 준장,32,13668303922790.400,14237816586240.000,850
성운 폭격기,42,22892898655745870000,104766239521996630000,은하단 준장,32,153768419131392.000,102512279420928.000,800
노바 캐논,42,91571594622983440000,419064958087986010000,은하단 준장,32,2915904836861952.000,911220261519.360,2300
견인포,43,28800000000000000000,60800000437523120000,은하단 소장,33,76.835,698.500,650
전차,43,28800000000000000000,60800002187614850000,은하단 소장,33,167.640,3632.200,450
자주포,43,28800000000000000000,60800006562844200000,은하단 소장,33,586.740,4191.000,800
공격헬기,43,28800000000000000000,60800019688532270000,은하단 소장,33,1788.160,12293.600,400
다연장 로켓포,43,28800000000000000000,60800065628440460000,은하단 소장,33,10728.960,26822.400,950
전술 수송기,43,28800000000000000000,60800196885321090000,은하단 소장,33,0.000,89408.000,1150
전투기,43,28800000000000000000,60800656284403230000,은하단 소장,33,171663.360,232460.800,600
레일건 전차,43,28800000000000000000,60801968853209330000,은하단 소장,33,1287475.200,2431897.600,500
대륙간 탄도미사일,43,28800000000000000000,60806562844030690000,은하단 소장,33,34332672.000,28610.560,2050
항공모함,43,28800000000000000000,60819688532091760000,은하단 소장,33,25177292.800,74387456.000,800
공중요새,43,28800000000000000000,60865628440305560000,은하단 소장,33,164796825.600,274661376.000,700
궤도 강습함,43,28800000000000000000,60996885320916390000,은하단 소장,33,3662151680.000,1831075.840,2250
플라스마 전차,43,28800000000000000000,61840803256704660000,은하단 소장,33,103126191308.800,199221051392.000,500
무인기 모함,43,28800000000000000000,64963213026818090000,은하단 소장,33,1125012996096.000,1500017328128.000,700
타이탄 공성포,43,28800000000000000000,77452852107271850000,은하단 소장,33,14400166350028.801,15000173281280.000,850
성운 폭격기,43,34339347983618800000,139105587505615430000,은하단 소장,33,162001871437824.000,108001247625216.000,750
노바 캐논,43,137357391934475160000,556422350022461170000,은하단 소장,33,3072035488006144.000,960011090001.920,2250
견인포,44,43200000000000000000,104000000437523120000,은하단 소장,34,80.850,735.000,600
전차,44,43200000000000000000,104000002187614850000,은하단 소장,34,176.400,3822.000,400
자주포,44,43200000000000000000,104000006562844200000,은하단 소장,34,617.400,4410.000,750
공격헬기,44,43200000000000000000,104000019688532270000,은하단 소장,34,1881.600,12936.000,400
다연장 로켓포,44,43200000000000000000,104000065628440460000,은하단 소장,34,11289.600,28224.000,950
전술 수송기,44,43200000000000000000,104000196885321090000,은하단 소장,34,0.000,94080.000,1100
전투기,44,43200000000000000000,104000656284403230000,은하단 소장,34,180633.600,244608.000,600
레일건 전차,44,43200000000000000000,104001968853209330000,은하단 소장,34,1354752.000,2558976.000,500
대륙간 탄도미사일,44,43200000000000000000,104006562844030690000,은하단 소장,34,36126720.000,30105.600,2000
항공모함,44,43200000000000000000,104019688532091760000,은하단 소장,34,26492928.000,78274560.000,800
공중요새,44,43200000000000000000,104065628440305560000,은하단 소장,34,173408256.000,289013760.000,650
궤도 강습함,44,43200000000000000000,104196885320916390000,은하단 소장,34,3853516800.000,1926758.400,2200
플라스마 전차,44,43200000000000000000,105040803256704660000,은하단 소장,34,108515033088.000,209631313920.000,500
무인기 모함,44,43200000000000000000,108163213026818090000,은하단 소장,34,1183800360960.000,1578400481280.000,650
타이탄 공성포,44,43200000000000000000,120652852107271850000,은하단 소장,34,15152644620288.000,15784004812800.000,850
성운 폭격기,44,51509021975428200000,190614609481043630000,은하단 소장,34,170467251978240.000,113644834652160.000,750
노바 캐논,44,206036087901712740000,762458437924173910000,은하단 소장,34,3232564185661440.000,1010176308019.200,2200
견인포,45,64800000000000000000,168800000437523120000,은하단 중장,35,84.975,772.500,600
전차,45,64800000000000000000,168800002187614850000,은하단 중장,35,185.400,4017.000,400
자주포,45,64800000000000000000,168800006562844200000,은하단 중장,35,648.900,4635.000,750
공격헬기,45,64800000000000000000,168800019688532270000,은하단 중장,35,1977.600,13596.000,400
다연장 로켓포,45,64800000000000000000,168800065628440460000,은하단 중장,35,11865.600,29664.000,900
전술 수송기,45,64800000000000000000,168800196885321090000,은하단 중장,35,0.000,98880.000,1100
전투기,45,64800000000000000000,168800656284403230000,은하단 중장,35,189849.600,257088.000,550
레일건 전차,45,64800000000000000000,168801968853209330000,은하단 중장,35,1423872.000,2689536.000,500
대륙간 탄도미사일,45,64800000000000000000,168806562844030690000,은하단 중장,35,37969920.000,31641.600,1950
항공모함,45,64800000000000000000,168819688532091760000,은하단 중장,35,27844608.000,82268160.000,800
공중요새,45,64800000000000000000,168865628440305560000,은하단 중장,35,182255616.000,303759360.000,650
궤도 강습함,45,64800000000000000000,168996885320916390000,은하단 중장,35,4050124800.000,2025062.400,2150
플라스마 전차,45,64800000000000000000,169840803256704660000,은하단 중장,35,114051514368.000,220326789120.000,500
무인기 모함,45,64800000000000000000,172963213026818090000,은하단 중장,35,1244198338560.000,1658931118080.000,650
타이탄 공성포,45,64800000000000000000,185452852107271850000,은하단 중장,35,15925738733568.000,16589311180800.000,850
성운 폭격기,45,77263532963142300000,267878142444185930000,은하단 중장,35,179164560752640.000,119443040501760.000,750
노바 캐논,45,309054131852569110000,1071512569776743020000,은하단 중장,35,3397490929827840.000,1061715915571.200,2150
견인포,46,97200000000000000000,266000000437523120000,은하단 중장,36,89.210,811.000,600
전차,46,97200000000000000000,266000002187614850000,은하단 중장,36,194.640,4217.200,400
자주포,46,97200000000000000000,266000006562844200000,은하단 중장,36,681.240,4866.000,750
공격헬기,46,97200000000000000000,266000019688532270000,은하단 중장,36,2076.160,14273.600,400
다연장 로켓포,46,97200000000000000000,266000065628440460000,은하단 중장,36,12456.960,31142.400,900
전술 수송기,46,97200000000000000000,266000196885321090000,은하단 중장,36,0.000,103808.000,1050
전투기,46,97200000000000000000,266000656284403230000,은하단 중장,36,199311.360,269900.800,550
레일건 전차,46,97200000000000000000,266001968853209330000,은하단 중장,36,1494835.200,2823577.600,450
대륙간 탄도미사일,46,97200000000000000000,266006562844030690000,은하단 중장,36,39862272.000,33218.560,1900
항공모함,46,97200000000000000000,266019688532091760000,은하단 중장,36,29232332.800,86368256.000,750
공중요새,46,97200000000000000000,266065628440305560000,은하단 중장,36,191338905.600,318898176.000,650
궤도 강습함,46,97200000000000000000,266196885320916390000,은하단 중장,36,4251975680.000,2125987.840,2150
플라스마 전차,46,97200000000000000000,267040803256704660000,은하단 중장,36,119735635148.800,231307476992.000,450
무인기 모함,46,97200000000000000000,270163213026818090000,은하단 중장,36,1306206928896.000,1741609238528.000,650
타이탄 공성포,46,97200000000000000000,282652852107271850000,은하단 중장,36,16719448689868.799,17416092385279.998,800
성운 폭격기,46,115895299444713450000,383773441888899380000,은하단 중장,36,188093797761024.000,125395865174015.984,750
노바 캐논,46,463581197778853660000,1535093767555596680000,은하단 중장,36,3566815720505344.000,1114629912657.920,2150
견인포,47,145800000000000000000,411800000437523120000,은하단 대장,37,93.555,850.500,600
전차,47,145800000000000000000,411800002187614850000,은하단 대장,37,204.120,4422.600,400
자주포,47,145800000000000000000,411800006562844200000,은하단 대장,37,714.420,5103.000,750
공격헬기,47,145800000000000000000,411800019688532270000,은하단 대장,37,2177.280,14968.800,400
다연장 로켓포,47,145800000000000000000,411800065628440460000,은하단 대장,37,13063.680,32659.200,900
전술 수송기,47,145800000000000000000,411800196885321090000,은하단 대장,37,0.000,108864.000,1050
전투기,47,145800000000000000000,411800656284403230000,은하단 대장,37,209018.880,283046.400,550
레일건 전차,47,145800000000000000000,411801968853209330000,은하단 대장,37,1567641.600,2961100.800,450
대륙간 탄도미사일,47,145800000000000000000,411806562844030690000,은하단 대장,37,41803776.000,34836.480,1900
항공모함,47,145800000000000000000,411819688532091760000,은하단 대장,37,30656102.400,90574848.000,750
공중요새,47,145800000000000000000,411865628440305560000,은하단 대장,37,200658124.800,334430208.000,650
궤도 강습함,47,145800000000000000000,411996885320916390000,은하단 대장,37,4459069440.000,2229534.720,2100
플라스마 전차,47,145800000000000000000,412840803256704660000,은하단 대장,37,125567395430.400,242573377536.000,450
무인기 모함,47,145800000000000000000,415963213026818090000,은하단 대장,37,1369826131968.000,1826434842624.000,650
타이탄 공성포,47,145800000000000000000,428452852107271850000,은하단 대장,37,17533774489190.398,18264348426239.996,800
성운 폭격기,47,173842949167070170000,557616391055969550000,은하단 대장,37,197254963003391.969,131503308668927.984,700
노바 캐논,47,695371796668280480000,2230465564223877160000,은하단 대장,37,3740538557693951.500,1168918299279.360,2100
견인포,48,218700000000000000000,630500000437523120000,은하단 대장,38,98.010,891.000,600
전차,48,218700000000000000000,630500002187614850000,은하단 대장,38,213.840,4633.200,400
자주포,48,218700000000000000000,630500006562844200000,은하단 대장,38,748.440,5346.000,700
공격헬기,48,218700000000000000000,630500019688532270000,은하단 대장,38,2280.960,15681.600,350
다연장 로켓포,48,218700000000000000000,630500065628440460000,은하단 대장,38,13685.760,34214.400,850
전술 수송기,48,218700000000000000000,630500196885321090000,은하단 대장,38,0.000,114048.000,1050
전투기,48,218700000000000000000,630500656284403230000,은하단 대장,38,218972.160,296524.800,550
레일건 전차,48,218700000000000000000,630501968853209330000,은하단 대장,38,1642291.200,3102105.600,450
대륙간 탄도미사일,48,218700000000000000000,630506562844030690000,은하단 대장,38,43794432.000,36495.360,1850
항공모함,48,218700000000000000000,630519688532091760000,은하단 대장,38,32115916.800,94887936.000,750
공중요새,48,218700000000000000000,630565628440305560000,은하단 대장,38,210213273.600,350355456.000,600
궤도 강습함,48,218700000000000000000,630696885320916390000,은하단 대장,38,4671406080.000,2335703.040,2050
플라스마 전차,48,218700000000000000000,631540803256704660000,은하단 대장,38,131546795212.800,254124490752.000,450
무인기 모함,48,218700000000000000000,634663213026818090000,은하단 대장,38,1435055947776.000,1913407930368.000,600
타이탄 공성포,48,218700000000000000000,647152852107271850000,은하단 대장,38,18368716131532.801,19134079303680.000,800
성운 폭격기,48,260764423750605250000,818380814806574800000,은하단 대장,38,206648056479744.000,137765370986496.000,700
노바 캐논,48,1043057695002420720000,3273523259226297880000,은하단 대장,38,3918659441393664.000,1224581075435.520,2050
견인포,49,328050000000000000000,958550000437523120000,은하단 원수,39,102.575,932.500,550
전차,49,328050000000000000000,958550002187614850000,은하단 원수,39,223.800,4849.000,400
자주포,49,328050000000000000000,958550006562844200000,은하단 원수,39,783.300,5595.000,700
공격헬기,49,328050000000000000000,958550019688532270000,은하단 원수,39,2387.200,16412.000,350
다연장 로켓포,49,328050000000000000000,958550065628440460000,은하단 원수,39,14323.200,35808.000,850
전술 수송기,49,328050000000000000000,958550196885321090000,은하단 원수,39,0.000,119360.000,1000
전투기,49,328050000000000000000,958550656284403230000,은하단 원수,39,229171.200,310336.000,550
레일건 전차,49,328050000000000000000,958551968853209330000,은하단 원수,39,1718784.000,3246592.000,450
대륙간 탄도미사일,49,328050000000000000000,958556562844030690000,은하단 원수,39,45834240.000,38195.200,1850
항공모함,49,328050000000000000000,958569688532091760000,은하단 원수,39,33611776.000,99307520.000,750
공중요새,49,328050000000000000000,958615628440305560000,은하단 원수,39,220004352.000,366673920.000,600
궤도 강습함,49,328050000000000000000,958746885320916390000,은하단 원수,39,4888985600.000,2444492.800,2050
플라스마 전차,49,328050000000000000000,959590803256704660000,은하단 원수,39,137673834496.000,265960816640.000,450
무인기 모함,49,328050000000000000000,962713213026818090000,은하단 원수,39,1501896376320.000,2002528501760.000,600
타이탄 공성포,49,328050000000000000000,975202852107271850000,은하단 원수,39,19224273616896.004,20025285017600.004,750
성운 폭격기,49,391146635625907870000,1209527450432482670000,은하단 원수,39,216273078190080.031,144182052126720.031,700
노바 캐논,49,1564586542503631080000,4838109801729928960000,은하단 원수,39,4101178371604480.500,1281618241126.400,2050
견인포,50,492075000000000000000,1450625000437523120000,은하단 원수,40,107.250,975.000,550
전차,50,492075000000000000000,1450625002187614850000,은하단 원수,40,234.000,5070.000,400
자주포,50,492075000000000000000,1450625006562844200000,은하단 원수,40,819.000,5850.000,700
공격헬기,50,492075000000000000000,1450625019688532270000,은하단 원수,40,2496.000,17160.000,350
다연장 로켓포,50,492075000000000000000,1450625065628440460000,은하단 원수,40,14976.000,37440.000,850
전술 수송기,50,492075000000000000000,1450625196885321090000,은하단 원수,40,0.000,124800.000,1000
전투기,50,492075000000000000000,1450625656284403230000,은하단 원수,40,239616.000,324480.000,500
레일건 전차,50,492075000000000000000,1450626968853209330000,은하단 원수,40,1797120.000,3394560.000,450
대륙간 탄도미사일,50,492075000000000000000,1450631562844030690000,은하단 원수,40,47923200.000,39936.000,1800
항공모함,50,492075000000000000000,1450644688532091760000,은하단 원수,40,35143680.000,103833600.000,700
공중요새,50,492075000000000000000,1450690628440305560000,은하단 원수,40,230031360.000,383385600.000,600
궤도 강습함,50,492075000000000000000,1450821885320916390000,은하단 원수,40,5111808000.000,2555904.000,2000
플라스마 전차,50,492075000000000000000,1451665803256704660000,은하단 원수,40,143948513280.000,278082355200.000,450
무인기 모함,50,492075000000000000000,1454788213026818090000,은하단 원수,40,1570347417600.000,2093796556800.000,600
타이탄 공성포,50,492075000000000000000,1467277852107271850000,은하단 원수,40,20100446945280.000,20937965568000.000,750
성운 폭격기,50,586719953438861800000,1796247403871344470000,은하단 원수,40,226130028134400.000,150753352089600.000,700
노바 캐논,50,2346879813755446620000,7184989615485375580000,은하단 원수,40,4288095348326400.000,1340029796352.000,2000
